name,midName,LastName,phone,Note
Kunal ,Petrovich,Mehra,3654788524,me
Ashish ,Vasilyich,Rathore,7073741332,a
Chetan ,Genadich,Meena,,dasd
Ravi ,Sashich,Meena,9734255135,h
Rohit ,Petrovich,Sharma,9743511479,
Gulshan ,,Mehra,9782971230,
Rahul ,Petrovich,Khatri,9785255131,heheh
Gaurav,Petrovich,Nagar,9785255135,
Mohan ,Petrovich,Meena,9471244658,gda
fdsf,fdsaf,adf,432,dsad
heh,hfa,hgfda,43213,fdasf
fadsf,fadsf,fadsf5435,534,fasdf
heh,fdsaf,asdfasdf,3245325,fasdf
Chetan ,Genadich,Meena,5435,das
